# Id,y
10000,-66.00242349023135
10001,451.4065044011538
10002,-461.67641706029815
10003,40.5012087537248
10004,-126.74472245403851
10005,-342.5345518192525
10006,-396.55554211358873
10007,335.54127907908793
10008,-99.51242087062451
10009,304.81253980627605
10010,68.89453048978609
10011,412.3691954559082
10012,54.94237102476771
10013,-17.005550754780124
10014,-597.849957572262
10015,443.5022887864142
10016,144.77448697804294
10017,-57.41116367253733
10018,134.38782757746299
10019,-108.98377598910898
10020,153.8248284250676
10021,611.7359836022034
10022,588.3896503384233
10023,-131.01679995801973
10024,-61.13562114122833
10025,-374.2484953169725
10026,74.15799307965435
10027,137.43837873610386
10028,420.08661179679086
10029,196.76562571344547
10030,268.44284980053345
10031,638.4749102511099
10032,127.37873138691735
10033,1.3491187583999433
10034,22.710453177406436
10035,342.2395345225651
10036,307.703966974172
10037,348.1382087009422
10038,-168.6528613073541
10039,-20.221130904618065
10040,-551.7499275731105
10041,-429.97180406674204
10042,261.8919587067431
10043,389.82042612922135
10044,-96.16562227356611
10045,-210.710801256327
10046,278.88186878401325
10047,-427.45330103104857
10048,-172.90325291756983
10049,467.264378355784
10050,-631.55873558744
10051,-355.5316593381776
10052,143.17327553860417
10053,69.19920259894172
10054,275.5882739767271
10055,-263.1886122041038
10056,167.49830723241172
10057,104.57789589014158
10058,230.07008661007717
10059,20.98802664457697
10060,-4.8225812625022675
10061,-201.922940810638
10062,560.0639265657709
10063,55.288476252448355
10064,671.3015746918345
10065,-493.7487382852292
10066,-279.3530367325921
10067,-53.71252761314604
10068,379.69819550097657
10069,315.0714108579844
10070,169.13001732614237
10071,-271.5993032690103
10072,783.8022226750345
10073,44.57731151554839
10074,57.40678005457913
10075,-161.07827414306877
10076,-220.66957847885698
10077,223.2412944292917
10078,352.66559554375687
10079,13.163291366266321
10080,-461.99414698573037
10081,305.37214669142475
10082,-230.5965617386102
10083,359.07444324254413
10084,-430.2605633759211
10085,-115.54882205546485
10086,-88.96006387867372
10087,-488.29018980804256
10088,-139.35033854713598
10089,57.33880810852551
10090,-190.33624272166466
10091,-6.508092914823634
10092,189.29107774701777
10093,346.60367818565584
10094,871.6273206485921
10095,-147.0135373865395
10096,443.48993777943133
10097,-30.498432974439098
10098,185.46345753445775
10099,-119.91717151732735
10100,43.57523800180935
10101,58.31857155224321
10102,-197.15246829839893
10103,-70.47160678841232
10104,-342.84605328866746
10105,-29.23358987371647
10106,49.522929296103484
10107,-16.2461441379117
10108,33.775069261607086
10109,-68.88307748324144
10110,25.863399493695823
10111,-617.3142842716968
10112,-185.90441301194977
10113,323.78310610938814
10114,-35.6621957221267
10115,-733.5297711613844
10116,-240.73856264735994
10117,-381.97314662424895
10118,75.31994462169476
10119,36.61032645911641
10120,-28.75627022502468
10121,-481.16062796859046
10122,408.85023042299036
10123,-765.0217471991642
10124,178.0726965163716
10125,-7.649879385671077
10126,134.79684623375874
10127,-477.4585142128695
10128,-248.7062530132369
10129,-361.8846572238647
10130,-18.75561174855396
10131,7.795604374434306
10132,-109.10598972538529
10133,-63.073745242195095
10134,591.8231837349172
10135,259.6126336966297
10136,-279.86583200876703
10137,93.2253594005187
10138,-427.2873154191355
10139,84.38656633089906
10140,-311.5446306441582
10141,11.419268612560046
10142,-297.8314684235842
10143,-331.9289709686445
10144,656.0132305257318
10145,-476.66268136505585
10146,361.1940451337731
10147,-150.18526861192294
10148,299.9467190243261
10149,-191.72143219270617
10150,151.9499951161199
10151,-64.67275781576622
10152,351.2448616306332
10153,-370.6364457562724
10154,349.22498178611096
10155,273.5246096168019
10156,783.1971843196884
10157,-124.23788973573836
10158,-155.22004432990826
10159,-506.955649386412
10160,201.6932123856169
10161,-415.17405715963775
10162,-348.1651051695658
10163,-201.95224108681123
10164,-658.950447053337
10165,179.34640168171515
10166,124.0692581616878
10167,-209.15025355201692
10168,213.70513477400596
10169,-82.11721023809054
10170,-97.11026989727247
10171,124.26800574647945
10172,50.289915657144775
10173,538.7439592813378
10174,630.0175345543369
10175,217.25927782654463
10176,-491.733741326709
10177,-131.14175113883462
10178,362.3930224172949
10179,-14.363038055407827
10180,-30.261757361676615
10181,-107.3235807672987
10182,-334.0625929296721
10183,299.5063996464327
10184,-103.47221484505496
10185,179.82049946719437
10186,122.20070887900766
10187,86.58037161690825
10188,386.4825605669926
10189,-613.3611745045839
10190,-269.8163873834617
10191,260.73145126228655
10192,-44.62016128042856
10193,-159.15717576416662
10194,-145.24559879357486
10195,447.2282148759997
10196,476.35698596959435
10197,121.79421345327245
10198,-1.5356790561067577
10199,410.744096538779
10200,90.8280997996462
10201,150.07336956845037
10202,24.033652961547972
10203,273.886634053629
10204,-154.52926038025203
10205,42.58890150706554
10206,617.3417063168573
10207,38.939360761427935
10208,-91.4361011949033
10209,225.35327477391075
10210,151.05827577085637
10211,-86.91664773646079
10212,-101.71788958007244
10213,161.93776502605485
10214,357.8704141035446
10215,32.145978186554316
10216,-379.1453992002923
10217,-165.94213222367148
10218,257.4539216945411
10219,-124.83850779184182
10220,47.0845147229911
10221,-67.05065138980328
10222,287.1733441341641
10223,836.2674277701627
10224,-78.73329260205509
10225,-293.00922915219587
10226,284.91632646225594
10227,377.9514320082294
10228,-473.94261958972197
10229,-538.8094549766033
10230,-372.9047504031888
10231,-83.37700889968687
10232,157.46205951911244
10233,167.50291456151217
10234,-105.69040574319561
10235,561.1616879176289
10236,-149.35531895746897
10237,196.9668051235231
10238,-33.81991172758066
10239,5.199419882336625
10240,-121.7084229606325
10241,53.47357981737751
10242,531.2918938411235
10243,-157.60262258937718
10244,-183.7719623926136
10245,643.8322464256645
10246,17.78030601012911
10247,-92.07939719460177
10248,485.4931646050763
10249,-221.2365786079396
10250,490.6065050484624
10251,-43.67715915424871
10252,139.93322987117622
10253,207.5044744276112
10254,17.092647024359763
10255,-396.47203316053026
10256,-168.30166761529364
10257,-75.59324100124515
10258,-292.073507800769
10259,-59.37366534663148
10260,247.36904706438474
10261,206.8311275818549
10262,17.462464464079602
10263,-181.81148500656914
10264,300.1761509454851
10265,-567.6387247955889
10266,311.5932728526359
10267,-9.929511835494054
10268,161.40782304547824
10269,272.38559922972354
10270,55.12245741942546
10271,-15.278267412197653
10272,286.4023019429017
10273,387.8886119434733
10274,-148.57888863638524
10275,171.9523524483965
10276,-411.57059222267884
10277,213.80253827075217
10278,133.93002437371737
10279,-99.01717750124334
10280,-162.4172422455814
10281,-39.074190113478664
10282,-295.15845218323875
10283,141.3248135435965
10284,163.05983005334429
10285,-55.45540146241669
10286,-145.7406760935224
10287,16.350462436353354
10288,-364.2985584828283
10289,558.6630187376726
10290,40.050661219006884
10291,67.63734504296966
10292,559.8400846554663
10293,469.8069471574174
10294,-149.49980105452943
10295,-328.8227866996957
10296,425.77131704667494
10297,85.50466241179356
10298,-166.91553705584883
10299,-662.29840703935
10300,50.280391653003534
10301,-11.355718332960066
10302,-451.81126444953304
10303,78.67283313413105
10304,-386.8187999173564
10305,-273.2273830523732
10306,352.0150454400228
10307,-263.84804091810264
10308,-214.73022299361048
10309,-84.88115489738551
10310,745.8832791254233
10311,-418.97510845227623
10312,739.1991251661941
10313,-469.0774263529471
10314,481.82984486567085
10315,363.20797478743975
10316,-270.2530418207193
10317,-399.5921247161324
10318,234.45728030706613
10319,-38.73469357032718
10320,238.36874871850807
10321,28.69744199018362
10322,238.23095785965498
10323,-130.00744030000058
10324,-681.2945617788487
10325,61.58065295954398
10326,-444.92985067095896
10327,-14.713208392839192
10328,680.476782342858
10329,288.73260649376664
10330,839.9704901556722
10331,416.65747651918133
10332,167.35603728915873
10333,-86.77953786706631
10334,332.7699676004356
10335,-201.33443093425376
10336,-43.625082987841665
10337,-107.90237779609657
10338,-284.0357380251703
10339,232.60855717832774
10340,237.83315171540167
10341,74.39980567720329
10342,255.51770406364557
10343,-168.64961928561027
10344,68.56334601629042
10345,-365.44198172526006
10346,189.70649886094543
10347,-369.8332497667103
10348,-250.90024390237903
10349,76.31355019623193
10350,-344.94550923377574
10351,-187.42339326812728
10352,482.1697569825223
10353,125.75266972885986
10354,450.6919437521873
10355,216.17619018208168
10356,34.34193571930537
10357,57.5114559612161
10358,-211.41949894712604
10359,49.76249180949326
10360,76.1110402075837
10361,-29.196254490440175
10362,33.04895852873594
10363,364.56271216309995
10364,234.4828098731533
10365,-21.796554859092424
10366,-476.9378770478012
10367,43.56765899304606
10368,-310.9572136651708
10369,-46.94111622603785
10370,181.19558107133628
10371,-214.96242982007203
10372,-80.22706031522193
10373,841.2082291657408
10374,102.35678708587025
10375,37.297738046881165
10376,77.39818275960181
10377,435.79452149369183
10378,111.39479265155703
10379,-128.82922415387384
10380,573.0501210583957
10381,48.60246807791191
10382,-68.5541465921872
10383,56.68162450582963
10384,-360.3099319994398
10385,131.90192283450438
10386,-264.5258976334308
10387,-378.7932497249932
10388,-190.09929259976596
10389,862.9152130409636
10390,159.57649666231208
10391,514.0204635801458
10392,61.38766780340812
10393,720.8758958326591
10394,-450.9767310398025
10395,105.89444211999677
10396,-27.53260304400328
10397,-23.435561966771864
10398,331.2059982949479
10399,-156.02456394824014
10400,0.9477018385607614
10401,17.232405165319406
10402,143.23908417021346
10403,53.22645139074795
10404,41.013349269794816
10405,-129.3925514683474
10406,430.9165210459311
10407,-427.9096196573553
10408,49.114004852092535
10409,-221.64758038918887
10410,-313.7597121868498
10411,115.24452244706941
10412,96.10097204453534
10413,-399.91598494242197
10414,-8.41140792356407
10415,733.1841324374712
10416,-332.42676649165105
10417,83.6761204219447
10418,339.7927486554424
10419,-35.11570131451444
10420,38.204335433877816
10421,-606.1984890559299
10422,194.27285338946177
10423,155.0315511615821
10424,-111.25647787348161
10425,-63.33937163651687
10426,403.93581872896345
10427,690.919430335862
10428,75.78129943644994
10429,-340.3154065235756
10430,-195.76159542698088
10431,40.445138708754214
10432,-137.65418796029294
10433,-95.67479658954451
10434,290.84353787250404
10435,568.464681347278
10436,351.2186507540759
10437,194.71516658168386
10438,-312.1508420871949
10439,-518.310786872449
10440,-80.7515804806145
10441,-109.91053830578517
10442,491.41083647519633
10443,371.4851448604936
10444,343.85664466843616
10445,114.6078539736829
10446,-315.2044219098833
10447,83.10396509307012
10448,-82.59915101774226
10449,-182.2190272252775
10450,-294.9172924513043
10451,-294.2105553148695
10452,611.5470417356513
10453,-34.756134103591876
10454,-115.04157690057791
10455,263.27933790237785
10456,346.0565120928384
10457,194.61161526911127
10458,257.3561496384947
10459,-303.20809492711635
10460,-173.19591085705832
10461,-88.53983448578342
10462,137.60161200011422
10463,337.048649278067
10464,155.7252346036273
10465,-250.29079290524004
10466,148.06340015143462
10467,333.6821886093763
10468,-260.3363923834268
10469,340.307909227915
10470,224.68535571269547
10471,-607.279717061932
10472,-54.859592940918006
10473,-685.0910817258441
10474,268.2582707785936
10475,108.7974356338832
10476,-233.16761717272223
10477,115.8908815785035
10478,75.28875461498481
10479,312.58695394034237
10480,78.42590704679485
10481,-509.63079643958406
10482,142.15294578474692
10483,-567.6096744598856
10484,99.19784411012927
10485,181.76569364681052
10486,-27.407098394358712
10487,-646.8210508159773
10488,-261.63281625029873
10489,-398.87688919781533
10490,-259.41075205618324
10491,-252.05740356799112
10492,-25.647967227334092
10493,-479.35794942314095
10494,109.9106861902194
10495,161.94257969114088
10496,-436.80717423975625
10497,-66.01220442256921
10498,-73.6053826540711
10499,51.00273944619482
10500,7.609681032164844
10501,-38.39048673108455
10502,493.59597060692965
10503,-303.44908054448626
10504,285.3630587606864
10505,236.93082121946367
10506,-112.90288738209189
10507,-104.91639705404546
10508,70.11071172015262
10509,-334.4021807746186
10510,-526.1520613513328
10511,26.69512668154097
10512,16.62507687890796
10513,-282.62391868623996
10514,-156.76438922324945
10515,-368.70385240105566
10516,87.26698388397277
10517,9.621961449395656
10518,159.33855433394976
10519,737.8354361900717
10520,-63.52561489683795
10521,253.3923454040675
10522,-195.47926226047898
10523,-233.60406275700706
10524,672.0430027603311
10525,161.0264781163407
10526,-86.92388588378317
10527,767.4499376317865
10528,300.14345470154205
10529,-264.63326212053136
10530,506.8069224983679
10531,413.7325757860605
10532,-227.95565420458752
10533,270.7218219182453
10534,166.27214538843145
10535,467.83594699529806
10536,691.0141927413322
10537,-235.1955016257738
10538,-204.49475633783518
10539,235.5654990256704
10540,481.5082289895038
10541,-404.2863716261709
10542,499.63459887902377
10543,-280.4236242835583
10544,349.63535701277397
10545,56.27921855932567
10546,377.7838241995522
10547,58.23929412508201
10548,424.2998121746491
10549,85.80041244154727
10550,-252.9928885245907
10551,172.8678449550214
10552,-190.10660020571584
10553,306.9642865236695
10554,-179.1176649334252
10555,-155.77590494004858
10556,-208.7525705791092
10557,-257.4259780204172
10558,-187.8870804578442
10559,178.95968589803294
10560,769.2994246067672
10561,131.4540049564641
10562,-86.33605847725534
10563,-440.7896941287991
10564,522.2063378416944
10565,74.26044537058809
10566,-273.3451908082495
10567,23.88548320272257
10568,-140.8861901167374
10569,337.44189332546443
10570,63.42512024403298
10571,-78.12104360563893
10572,-209.4159615061077
10573,-354.3022169957899
10574,261.5495894072743
10575,252.7847530350228
10576,415.3327934963978
10577,-341.410621774963
10578,-101.54306561728916
10579,-82.98003734434707
10580,-146.1918594508317
10581,-400.9570095088503
10582,114.68810161530655
10583,-318.4094491728418
10584,-27.12865111315233
10585,253.39206355032294
10586,-15.161597235908857
10587,490.27631015669965
10588,67.1605541551605
10589,-583.6536301606627
10590,566.8292227808801
10591,-659.7840206113424
10592,-280.3445865766317
10593,-618.4849576034645
10594,-403.08152177208336
10595,52.58079586777727
10596,154.1372478179056
10597,-187.18724588645796
10598,45.06432286401879
10599,389.8698024589768
10600,497.494427700973
10601,-172.60466145697032
10602,-199.48804830691284
10603,146.33213540458806
10604,-745.9314211823649
10605,-230.93578234679643
10606,-157.7376882351051
10607,170.55585672160564
10608,58.52819579127427
10609,21.778235377083945
10610,-33.84543238859474
10611,527.0115321450195
10612,370.3597932478217
10613,-83.70884929336705
10614,-297.86678182751825
10615,379.63004164090455
10616,-194.49981867886424
10617,-59.08115423923945
10618,-59.05074145608441
10619,-265.795331040641
10620,-488.32421484496376
10621,-28.133316815095633
10622,-110.89724251664035
10623,642.519819874314
10624,-25.104958245574807
10625,368.27465472014785
10626,274.79921352704315
10627,416.5261293363841
10628,110.57324867984343
10629,561.3783520521669
10630,497.1437621157776
10631,-201.60987734450993
10632,-370.0522982615882
10633,731.0573724235968
10634,-380.1370791551685
10635,-200.60251550520974
10636,272.08601189375474
10637,269.8405899107627
10638,-243.5639950853449
10639,-80.64209434586854
10640,-467.97701289855394
10641,384.10330917171495
10642,-158.51464076438114
10643,-321.1429089790818
10644,-72.30709812158415
10645,244.89650104863148
10646,-111.76687989927703
10647,-71.30354161628634
10648,-97.14900534513954
10649,387.99285294446395
10650,134.07976082545468
10651,-372.7245397183453
10652,-153.89734891410546
10653,376.0557246783064
10654,-45.06699972728211
10655,29.111024201618548
10656,-164.38841371392448
10657,291.3802875570238
10658,-389.64290898924634
10659,-145.45381366072752
10660,276.5061419927234
10661,-134.09381091719058
10662,82.94811155481145
10663,143.77337061052785
10664,230.8537782304084
10665,649.8980469913489
10666,188.10011410399278
10667,170.77221614376347
10668,-533.8474844790476
10669,-516.1349688253714
10670,-356.786974672165
10671,480.9037432056482
10672,-54.53599296167684
10673,-272.6605720403795
10674,-89.16369341976623
10675,-97.40004082496222
10676,-264.2980377506256
10677,-558.8516759610401
10678,-18.223173989824403
10679,238.68337858798134
10680,-107.49682687897533
10681,-439.7371496922758
10682,-366.0873776204502
10683,540.4744022919008
10684,-335.91922953999085
10685,128.984813646624
10686,-360.4650592778852
10687,-211.0145865682009
10688,115.70383605399763
10689,-723.6333562247715
10690,380.89392210560976
10691,24.3009698057537
10692,-145.38761452740985
10693,-157.28295617853757
10694,134.10336003673106
10695,215.95710077116382
10696,-310.20616373438986
10697,18.018883693843264
10698,-287.16969472965684
10699,-244.82888943623996
10700,-126.15190632103045
10701,-276.8510336972004
10702,-63.902823195385125
10703,-268.290741984364
10704,80.99060618707725
10705,135.49197649147905
10706,265.8617173707379
10707,290.1533893185738
10708,72.85750706987629
10709,-88.64501838284376
10710,-562.5238017086135
10711,-257.96859166459336
10712,-88.32818773227726
10713,-608.9048913545768
10714,16.648129846868926
10715,-117.99664144508674
10716,244.48813585825167
10717,60.96132064652652
10718,640.8504726114282
10719,15.07359265866161
10720,135.00644430477314
10721,39.523374533232584
10722,86.44560574134374
10723,20.337654615454483
10724,217.44242023198
10725,-8.574845990248832
10726,172.3975873173998
10727,-326.00374877329193
10728,347.5813407240381
10729,128.9580390911475
10730,-379.7500886129545
10731,-134.70695705662678
10732,153.5688851434221
10733,-72.12278608897111
10734,183.3084883057272
10735,-456.53877619138086
10736,152.27530162599595
10737,-20.65828059907065
10738,245.62232835465755
10739,776.4009728233566
10740,-320.14345296022645
10741,-479.3197082847786
10742,-69.75434860290738
10743,-372.01045319605015
10744,397.28224738180717
10745,94.9729302515417
10746,-545.8700939849754
10747,92.71733084803253
10748,456.6232467986968
10749,140.33519629204056
10750,-542.6167845034431
10751,33.256178473056586
10752,237.54555311936707
10753,-260.5147806037744
10754,-227.74117804894516
10755,-18.374207944644702
10756,357.23207935779226
10757,234.1686632237947
10758,309.0494908647164
10759,109.41620907267952
10760,297.0462771953376
10761,431.28271868977276
10762,-285.90275415168463
10763,-461.12318506056477
10764,458.84116852029274
10765,-35.13247865793463
10766,-138.96677867278007
10767,435.8781113541393
10768,-327.551732481243
10769,-16.17584222560177
10770,32.68738315097059
10771,-143.11036093613296
10772,-82.9116379681936
10773,-26.395849579090424
10774,-295.90654248377024
10775,-300.94455130927787
10776,-157.03746176056205
10777,-444.10542517056876
10778,55.54295923374471
10779,136.09573343373802
10780,-59.93423441413751
10781,774.7869393558559
10782,-291.8214694025423
10783,449.6545133580538
10784,-231.20082491305234
10785,88.18058840405146
10786,511.6823816159461
10787,27.69891399185512
10788,69.71900343078629
10789,-684.0304286748212
10790,-181.16575418910583
10791,-592.2856835316285
10792,-326.37230449136916
10793,527.5739554313376
10794,-175.9822322889263
10795,555.3273243262526
10796,-40.06219256947679
10797,-242.90961184425683
10798,466.47500983221
10799,209.7265782177998
10800,112.47399028633885
10801,655.9597092112738
10802,-253.6728820136513
10803,-143.14006436902685
10804,261.90903344912493
10805,-51.43052462098879
10806,-646.5343714931213
10807,-114.11730645512867
10808,126.14931118008049
10809,204.5934628589962
10810,-300.39361365831394
10811,-415.686745889539
10812,6.449152884280637
10813,72.80107777482954
10814,160.6608720814528
10815,249.3116892918178
10816,-248.2853452465631
10817,7.830629922613427
10818,-466.38382701666023
10819,290.15144404460085
10820,-309.0332065633403
10821,528.6916611956276
10822,372.49384793225306
10823,-328.08626630968604
10824,-94.65873407725024
10825,55.56919414045804
10826,67.34382419031714
10827,-533.6683812491308
10828,-128.10863350344798
10829,-542.9948584464207
10830,54.63463967257934
10831,182.66043483267876
10832,-41.29948573089244
10833,652.812763391736
10834,-336.9657807378881
10835,99.96282019773761
10836,811.7900163367078
10837,-346.2521160652992
10838,103.69087960098433
10839,487.73608126333414
10840,120.89569101399115
10841,-324.3296740543676
10842,-136.41212971214577
10843,-41.924430030977334
10844,282.7029865802325
10845,345.62032897020435
10846,124.6979853475242
10847,-206.11335283373424
10848,155.93998583214128
10849,-443.7672299433845
10850,-273.34300340059815
10851,195.950330818546
10852,-30.69004085139952
10853,86.56778659815305
10854,-312.211361889497
10855,41.005246961457985
10856,307.67518019994725
10857,532.9059494214052
10858,260.1616805633808
10859,362.0055075337362
10860,101.32898120196657
10861,38.44129613989343
10862,20.267674753903577
10863,117.4402498807463
10864,573.6911827078567
10865,-507.59205851450145
10866,-211.76962671045706
10867,-78.3998974042818
10868,-319.57376765957406
10869,-267.4465644183342
10870,-780.8570319676242
10871,50.22998055644294
10872,-298.5490108171666
10873,23.392386523117693
10874,-76.29059741014912
10875,-257.59747046425355
10876,171.56436509796606
10877,-121.6007831624896
10878,-451.37377685543
10879,81.13533884268271
10880,-212.55249317142722
10881,-3.5349272290952447
10882,-408.25548100018625
10883,-158.65133194465778
10884,238.39834201613218
10885,-133.03572327369875
10886,-266.08408260606484
10887,247.74270438194762
10888,347.9665442832372
10889,-511.3152428108666
10890,21.815871215018745
10891,-163.84140964229067
10892,-472.5608363970493
10893,-365.0082671512372
10894,272.43713793224066
10895,92.37376374891576
10896,491.8081456846518
10897,-200.03605813581092
10898,144.31490824987398
10899,-554.3580524200006
10900,-449.35755789415987
10901,565.0154801799604
10902,446.3187580746209
10903,309.69738818741405
10904,282.9279414077527
10905,176.19762818996742
10906,-315.1418517603805
10907,612.3377931153
10908,274.252231247731
10909,-19.43617305856492
10910,404.62544777052517
10911,47.266481426985735
10912,101.89624080960584
10913,98.14809562777717
10914,-231.35258244372102
10915,136.3361231916433
10916,-150.31005926794813
10917,461.19954997878943
10918,145.6901588842715
10919,-405.82374187556024
10920,-405.55256587509814
10921,213.67394365056106
10922,-204.80364027314397
10923,-118.57063791050919
10924,675.2302648290727
10925,145.1619878685329
10926,489.68700201996194
10927,-173.7655745936923
10928,89.6916846528363
10929,239.01179154231033
10930,-68.18000068660297
10931,93.66677561513188
10932,-196.55301722008403
10933,-711.7534447200953
10934,-104.15023991148848
10935,55.73003950123042
10936,74.24035058478661
10937,625.7495908769062
10938,234.98688486875437
10939,221.59294793875665
10940,61.93159175679422
10941,239.73644833443734
10942,-21.338081818317164
10943,180.16473629709085
10944,14.918627995499037
10945,-374.86568834825187
10946,-397.5149288584039
10947,114.66690843216244
10948,-269.61622879894196
10949,0.13921221449004473
10950,-34.59484676069229
10951,72.73402122668006
10952,-188.80556313903787
10953,-365.5336719234541
10954,-67.59552255426533
10955,19.501170139179493
10956,212.7825901382354
10957,170.72284688263142
10958,48.756055882019325
10959,-239.4465227916471
10960,409.73820515517934
10961,399.86800565031
10962,18.693100459976677
10963,165.7669719598437
10964,-124.38945349671121
10965,54.99452321278794
10966,640.4320745648705
10967,7.578792735556534
10968,-265.04763041001104
10969,1.6927330910943403
10970,18.51713362126894
10971,-248.85163930169324
10972,106.86193154650849
10973,251.63914312090947
10974,133.83773953640645
10975,-358.2669613769324
10976,426.26144731764316
10977,71.97842246974051
10978,-322.08755962522184
10979,438.8402675015943
10980,-40.13211449134201
10981,283.80356865292606
10982,-487.90619533258825
10983,-86.93302825214909
10984,-470.85015109168995
10985,73.14648277315287
10986,-688.3900989407996
10987,392.47856756604074
10988,-328.6310374955383
10989,149.39160063469075
10990,321.793114760607
10991,584.3930870450633
10992,206.75729570024856
10993,36.5482259970082
10994,-37.77828521118778
10995,-551.0517094651391
10996,-107.8512038775709
10997,-176.8060279535324
10998,-356.8894911731826
10999,418.4145841124782
11000,-26.133496016983457
11001,-213.9095136280302
11002,246.57978881987776
11003,-32.01102494971313
11004,-126.73258849582447
11005,26.91449155762055
11006,198.9219737629523
11007,-18.843554414706226
11008,-119.51484607642087
11009,-389.9037605310744
11010,-149.50928607147983
11011,-308.96203021469404
11012,-478.7771604137539
11013,-616.7291412522806
11014,-25.890829611384618
11015,-133.17659031686296
11016,-633.0587252293202
11017,-32.263294745608064
11018,28.79581958169389
11019,-290.001323640661
11020,-168.02496539200231
11021,-173.84102001973832
11022,107.2795541516651
11023,278.3287852070005
11024,164.73665181591343
11025,596.7860199506166
11026,737.780217717123
11027,-57.0443987038866
11028,-20.381913027884863
11029,193.11140830024658
11030,150.9524222036821
11031,-340.8779258558671
11032,207.55657024653743
11033,-27.67472612589129
11034,-146.95165736571352
11035,-121.88066829612534
11036,144.47950532989117
11037,333.2095316788962
11038,-452.51312096804713
11039,-208.5368467442235
11040,265.8449475236099
11041,-86.19645950050133
11042,-456.01061792236374
11043,-377.73004720142745
11044,277.5566889704555
11045,-98.28816556864496
11046,-258.67741823285075
11047,508.5130216465921
11048,-27.829466767414203
11049,-397.838225224189
11050,27.294231548042717
11051,55.46090696291125
11052,86.52443961502732
11053,-417.7182670641661
11054,265.0746921743702
11055,126.49537980057339
11056,-731.2337998933442
11057,26.76852907043182
11058,15.172424965472374
11059,603.1491770539621
11060,-68.51036908575958
11061,-630.1588497389262
11062,391.4398950451713
11063,191.26739771271474
11064,-82.79915889804461
11065,874.2798355716833
11066,130.10220965607948
11067,24.82525762983812
11068,10.015684555530186
11069,407.55355195098576
11070,184.93372244983777
11071,699.401340355085
11072,12.874182171249089
11073,-569.7950312054744
11074,-60.618267530273265
11075,-96.58944292586142
11076,19.66070835738357
11077,30.225969050066496
11078,-107.06858214835712
11079,-23.448153023309416
11080,-16.563489755114375
11081,18.767317998586776
11082,145.95038182220625
11083,-428.1027566009216
11084,-158.17477611037316
11085,-44.37808089678745
11086,-411.2997705448306
11087,218.4210180820259
11088,141.24530784475292
11089,316.6347559705915
11090,93.68023982535567
11091,154.16405402565437
11092,-132.92025023590963
11093,-293.87357139530684
11094,485.30634558787733
11095,-271.22948150685596
11096,373.3831471784341
11097,-359.66959875632966
11098,-459.99230445069605
11099,209.05369852328374
11100,46.74008351487592
11101,-767.8965435991811
11102,-153.96946682570618
11103,-66.68289246156849
11104,-15.94403508088675
11105,16.07598434500008
11106,157.03893670157402
11107,585.6578635592921
11108,-259.638105979393
11109,264.48646669308624
11110,171.5586506995282
11111,182.06572554508443
11112,-336.88337336088995
11113,-403.2385387031551
11114,114.57772510795701
11115,161.83644349638934
11116,-628.0447010001044
11117,242.01175305538715
11118,362.8630361176554
11119,60.71370640424405
11120,-359.31123121325805
11121,-379.08187950572517
11122,237.83778494978833
11123,-293.4175091399269
11124,-397.4513792029838
11125,159.5888560513272
11126,365.0374752135958
11127,-720.6128464897366
11128,500.1648657714844
11129,-11.265810006164557
11130,-69.35501502523704
11131,250.86562155967783
11132,-169.30678540802452
11133,120.43720692692614
11134,-39.95315782539322
11135,-520.8790659997456
11136,-631.1061053453733
11137,-189.4512872458682
11138,73.57078736644411
11139,39.63813193628247
11140,-459.8374387751041
11141,4.029071723496515
11142,-197.44889965681884
11143,62.38974256914577
11144,-186.44535236927067
11145,-133.60822019560135
11146,305.0229789528652
11147,-46.02246759214472
11148,-42.28147598500772
11149,-174.6134231397804
11150,-221.81742427816803
11151,-177.58255371476812
11152,-1.6457791602111052
11153,92.19561472892602
11154,380.63664334812336
11155,5.176285533507156
11156,-43.26413786036056
11157,138.56909768313517
11158,-644.2373399718073
11159,-264.0526485409813
11160,388.0771113359533
11161,-314.57550396753084
11162,68.59577885369681
11163,313.9025059586694
11164,-174.13638000550083
11165,75.2450609171654
11166,-48.30049653479213
11167,366.3281349305422
11168,-300.95317522452024
11169,52.29547497280748
11170,199.7645085288457
11171,-291.45213888117826
11172,-221.25525714195058
11173,-347.63373665011375
11174,-203.1697372256595
11175,-377.9229754446044
11176,-39.05990123872135
11177,-27.657708986923204
11178,-4.840069011084764
11179,387.6931701816724
11180,173.07521100861612
11181,932.2704016789731
11182,-79.75948934966334
11183,140.8319773722501
11184,39.684029858126934
11185,443.52420804431404
11186,342.3599487202396
11187,-137.85795258406358
11188,596.330530491173
11189,207.64692642350718
11190,-628.7444696897287
11191,498.5177064988457
11192,-157.93924874004892
11193,351.1078397657424
11194,21.711333535600247
11195,-147.85882005549385
11196,204.57246274928247
11197,29.47461824941381
11198,121.43392964124466
11199,-565.6199353865661
11200,-229.61058695852765
11201,-46.804477108742674
11202,686.9993413504839
11203,-439.3760081383573
11204,-564.3067809262277
11205,-449.4452387206125
11206,-187.01337557795313
11207,63.71447075230621
11208,226.53217961129093
11209,-238.2619588660756
11210,8.031752667966316
11211,-360.68869418514635
11212,-123.99311613868878
11213,-388.8646194630036
11214,21.025862631445726
11215,-301.5018712563042
11216,215.87740831289642
11217,403.5102100497996
11218,435.69760335692644
11219,-107.10092088372254
11220,186.04692078373608
11221,347.5694847398062
11222,258.81395911530626
11223,-431.37566148179536
11224,-169.35938198101994
11225,106.38668004303862
11226,11.406343347778659
11227,362.5962040295648
11228,-602.2073540911474
11229,707.5559184457966
11230,202.17491878205453
11231,-50.33711976765602
11232,-170.32942345324844
11233,-33.31137090394944
11234,194.42983492011518
11235,-358.5893509674059
11236,-212.2653532691773
11237,-291.42110382226315
11238,295.5576189497125
11239,-278.97338727308284
11240,23.653653300111245
11241,-64.46361090683962
11242,-550.5130672413404
11243,541.3432697524751
11244,95.06333041131379
11245,14.598207374633418
11246,108.60883519127071
11247,-390.9747091142423
11248,358.66641966090015
11249,-656.7373713546342
11250,39.621704040649405
11251,-112.10781397641898
11252,-3.9966181836037142
11253,-399.3487785294665
11254,-189.94215830266904
11255,25.705003254619527
11256,-514.3423090508974
11257,42.903388996470994
11258,-18.932652421564853
11259,-109.3230964996571
11260,-32.89909171394737
11261,-543.8120026538545
11262,402.3710870309698
11263,36.24431537942712
11264,228.30407580009543
11265,346.38302227713683
11266,-401.22270699068577
11267,54.05719773136582
11268,6.862233348083223
11269,-3.812080565893438
11270,-445.451491973889
11271,162.08751874326873
11272,176.3675250138724
11273,-516.9719819284384
11274,189.9931600934892
11275,-164.45712796519365
11276,174.20994712832788
11277,-510.0297763148842
11278,174.7848851098717
11279,-352.74632432728447
11280,-145.4609770896176
11281,456.9718611706637
11282,-463.5148906726288
11283,-363.58427640439356
11284,-157.84808228490263
11285,-195.36060962026096
11286,152.04068775685465
11287,-197.09226766881795
11288,36.48096536871995
11289,993.2248779784693
11290,-387.0287931868162
11291,-6.616510882802429
11292,-272.0688608858403
11293,-138.59954551011234
11294,-105.03944861260008
11295,-21.529524404723475
11296,91.05719915023009
11297,-65.79119714947292
11298,164.47287710093696
11299,-17.997827027464325
11300,783.886659713915
11301,-339.2311247243131
11302,-196.48456361783542
11303,357.2184954096841
11304,186.3106252115685
11305,138.09410368403223
11306,-11.632461477737479
11307,175.8091637342031
11308,-224.6173498323637
11309,68.85579641186783
11310,201.2111313900386
11311,257.87114287716264
11312,-432.87055951729974
11313,-893.9998008184409
11314,671.8650784658587
11315,-143.37264919121708
11316,622.238658666282
11317,179.38442629047125
11318,553.7744088919069
11319,133.39922116403952
11320,-278.7634418316661
11321,-316.62804095298594
11322,503.41566288266614
11323,282.6871359966572
11324,-192.34979075415188
11325,-266.5062159351742
11326,28.442092691972476
11327,-502.8106644889361
11328,-284.8971678177413
11329,334.3253961027054
11330,131.8555942163113
11331,-163.06900527507025
11332,207.69781044505157
11333,84.53775535541783
11334,26.259629066102434
11335,-255.92213730636655
11336,51.28290274248147
11337,-102.04962146231345
11338,160.43430410628523
11339,285.3933559563105
11340,-58.84096452168163
11341,103.1053491066599
11342,-294.3112930187339
11343,376.90749077827434
11344,69.80186693396978
11345,866.0001885226105
11346,-39.37289658053928
11347,64.6142028933184
11348,-169.6560341690666
11349,-545.1873976320014
11350,-61.769636847537264
11351,-497.320284533807
11352,462.2911105292888
11353,-153.26914250955463
11354,-206.0069414591042
11355,-139.679679039
11356,-86.31603500008458
11357,589.4439429065617
11358,213.39162365467138
11359,160.842692052499
11360,189.143118790956
11361,-353.62333168120495
11362,-195.46146888134905
11363,-130.97048784757084
11364,-411.8978482107094
11365,339.536110961037
11366,278.70802857875606
11367,262.5393308909951
11368,-182.3152473785591
11369,312.5925398843077
11370,292.5069660284913
11371,-191.39812913021655
11372,97.19896589042877
11373,-323.06245196934873
11374,-641.6335236830935
11375,34.404317785942226
11376,332.61463954493956
11377,374.3942908011442
11378,79.74057443698332
11379,-175.66454148011798
11380,161.84977999054485
11381,247.70962726907993
11382,90.73858219235979
11383,406.9195427827257
11384,-128.29338404491455
11385,131.2733075553566
11386,729.3094416276265
11387,721.9516507762645
11388,-177.94000063372448
11389,709.5229020169668
11390,68.44182794627724
11391,-488.048106713706
11392,152.74593914617486
11393,-239.25028478333562
11394,-147.2809571447957
11395,-45.208318575647354
11396,-222.12449344542776
11397,-332.61528388191823
11398,-119.36737582300566
11399,411.5976153741655
11400,165.38288375398983
11401,488.27546568672074
11402,224.1448993009882
11403,57.12319327873963
11404,264.66502019787254
11405,-126.75098294470878
11406,-376.20602059400824
11407,48.79137391778528
11408,420.19806400514165
11409,-415.5596397131077
11410,-45.07267871498871
11411,-169.48557453543282
11412,744.9633226613827
11413,-534.1845713199516
11414,-151.0311280910082
11415,577.9358654693674
11416,46.72638739060989
11417,311.55408180562046
11418,357.3063765881064
11419,265.4127384398395
11420,-253.59736902535133
11421,-473.8813440500304
11422,12.688444605876384
11423,-132.56426690048835
11424,72.47381920347917
11425,217.43580522922463
11426,-335.778520112208
11427,-262.20462447685344
11428,95.51698320910148
11429,-209.18192024536089
11430,456.63567349234427
11431,308.43056019746626
11432,-28.853731125681165
11433,-358.51784715108187
11434,128.31172677442612
11435,145.6247243814596
11436,95.66700803418345
11437,268.2835409130819
11438,-466.9244162464662
11439,-314.3209496912699
11440,344.7406648862789
11441,220.70755813671042
11442,-578.4755239012405
11443,174.80907811479554
11444,399.94148396073365
11445,732.672096633253
11446,667.3027303329154
11447,-63.096512982720625
11448,245.90652202892167
11449,21.73019301949133
11450,-248.6526404247262
11451,-197.0407550517405
11452,-282.0464722650842
11453,-81.15238925755514
11454,52.36536160378572
11455,-2.2571267781338227
11456,-758.8756116063795
11457,213.49145912248974
11458,-169.27147826397473
11459,184.7202886520139
11460,256.564304974753
11461,-63.24889777651998
11462,-272.7178718373243
11463,135.79446347148956
11464,455.7807433953067
11465,-129.35637652171835
11466,62.873370392218476
11467,-386.85293789480414
11468,267.2276588361108
11469,287.24118692262897
11470,-52.09972865258614
11471,76.40695664839079
11472,-138.16215089737955
11473,203.5561486423067
11474,15.48871102026542
11475,-5.968082516969331
11476,-31.644142590968844
11477,221.5663023069249
11478,-687.0023182063179
11479,483.7842231435418
11480,958.0223790880736
11481,191.59606092931188
11482,-58.58970557453725
11483,259.4623062040445
11484,-6.316757561911969
11485,-270.2884690000885
11486,-772.4642296251147
11487,-146.4633192619979
11488,-37.781460993014335
11489,331.5519575822496
11490,570.474574111782
11491,-182.5998962757531
11492,-356.09408660693845
11493,84.1429512103633
11494,-115.7266417991676
11495,431.89838199541015
11496,-39.02760836085605
11497,28.163383062946778
11498,-54.06385343329376
11499,-259.96553784016345
11500,157.69687820480914
11501,-451.5735361809542
11502,482.55650486877494
11503,242.5569452091007
11504,-588.1137438098036
11505,81.01709689599443
11506,325.40673944403187
11507,-22.052235150655022
11508,-296.27850419733164
11509,299.0519135861389
11510,468.2699312239486
11511,-99.60746951487798
11512,5.278085447168118
11513,-101.94715017070988
11514,172.81543496338955
11515,-676.7207529529079
11516,-85.33458519818856
11517,117.54369571648232
11518,-83.62878738830477
11519,179.75562770163555
11520,-83.35296347452842
11521,-21.41917895221762
11522,292.1247462432765
11523,-100.1639608776503
11524,-295.4450782425581
11525,-196.19961546096437
11526,-90.40349798565988
11527,-58.11412409491153
11528,-400.37934469764326
11529,236.32717532971543
11530,-312.00489053945114
11531,448.8990473727653
11532,202.73550507695433
11533,94.92875456289671
11534,60.24730791750963
11535,-149.43663249088496
11536,406.78338146580285
11537,600.8120265364328
11538,-23.263559460763275
11539,-565.312706905646
11540,156.44069172561223
11541,648.6215466239541
11542,405.7197964687444
11543,261.8058313693001
11544,22.356083935018006
11545,238.41247473228884
11546,164.5680237527033
11547,-83.34674114858305
11548,209.77491982449425
11549,-198.97437741530663
11550,-78.7347321033736
11551,27.732488101924787
11552,450.3167950749102
11553,-78.31520558005128
11554,-267.63890633380254
11555,348.33187445465865
11556,-404.45503917406916
11557,330.0959394936935
11558,-532.9705587435978
11559,530.1667228331006
11560,-741.0568046410555
11561,478.6495234473416
11562,164.63187921356104
11563,-449.71075314712016
11564,-412.11481107834186
11565,219.12773907510723
11566,-378.68930950300376
11567,368.7333880545335
11568,37.33842695846738
11569,396.4934950040545
11570,-29.329794718535396
11571,35.4752518390908
11572,-267.29107555681446
11573,-417.346579791309
11574,-250.30106527663668
11575,-228.9572000921863
11576,692.2513473375063
11577,-411.1573720657525
11578,482.321178882502
11579,109.40386922308808
11580,547.620581513899
11581,179.88426508469283
11582,-521.5793101895101
11583,-0.5366722202079821
11584,-1.3108832742810812
11585,-248.0508314562958
11586,-243.06806182013355
11587,199.56730075170157
11588,381.32404325693386
11589,-393.1688038873972
11590,138.23245276134867
11591,34.241055697989566
11592,-4.629154614118277
11593,-151.8619312819597
11594,335.54637222708914
11595,-93.14529808270636
11596,507.7532186638961
11597,-355.4656205338215
11598,143.08978438160938
11599,137.94688403627
11600,-151.04600604389748
11601,-19.601773692468832
11602,105.84882713406171
11603,-172.78518998126498
11604,482.12726370999735
11605,-267.53917413325576
11606,39.90555578612991
11607,-52.855796531074276
11608,-21.222446731207995
11609,155.37989346108424
11610,-96.0692778350159
11611,-163.17530409699788
11612,-180.36573977355025
11613,-264.67843452359944
11614,171.42795164643735
11615,-11.457713362940858
11616,239.9973419068962
11617,-39.84995383841688
11618,-211.7416065579577
11619,-354.16935617356523
11620,72.4794629520892
11621,306.8202044401949
11622,10.71023847916286
11623,-367.95164299727253
11624,280.99867828490005
11625,607.134278995202
11626,226.07866695707025
11627,565.9296380146843
11628,-147.76747216989872
11629,-314.0375602749049
11630,-180.04553525209042
11631,51.270977379872434
11632,-118.81984221413558
11633,-258.26062194274704
11634,-229.83713020204425
11635,200.3647586231533
11636,-348.07141756401074
11637,-584.8608659725462
11638,-4.929876831026433
11639,-163.44221481669993
11640,87.02751929857054
11641,41.56663504345349
11642,-494.89046377701584
11643,-60.88771120297683
11644,-173.55136971975065
11645,181.26452118021427
11646,-51.325709086771916
11647,43.9509973051816
11648,-517.9818134858799
11649,-355.5526669032854
11650,272.40216687734
11651,490.6303834469725
11652,-37.23470686782197
11653,100.19178117716072
11654,32.264743116670616
11655,342.38399589459516
11656,-274.38399640567246
11657,-461.59948018183803
11658,399.11781881563144
11659,59.94166241926561
11660,-119.02693796298081
11661,-281.7090515974905
11662,-127.62868444831884
11663,-556.5819101778267
11664,-79.37923441221679
11665,-84.28398755175061
11666,-212.85815433361964
11667,72.29858467981221
11668,-416.45899892038165
11669,-151.39277066781835
11670,-112.94325746656725
11671,-386.9976053679825
11672,553.349713365418
11673,-80.93783458087127
11674,265.6051645120163
11675,498.06450504154645
11676,447.88340767692733
11677,-162.95338863409106
11678,121.20351520651874
11679,106.02342845843171
11680,340.50635541497365
11681,4.314416762779776
11682,-92.64783669165601
11683,-354.1295771288364
11684,214.00747653242442
11685,-345.69142874226134
11686,-271.80220862911705
11687,426.3090773781537
11688,-37.7575071705215
11689,-180.46345723783506
11690,-97.58231078807273
11691,347.82231323352767
11692,-237.01309080397783
11693,118.123118701187
11694,681.4766679385032
11695,275.6633448909276
11696,185.1648163995737
11697,-13.159363367315475
11698,274.0722474871902
11699,178.76102965588154
11700,-178.98039516140597
11701,391.8425175864852
11702,-308.94994109697916
11703,-324.8362159483899
11704,262.0871357430674
11705,398.52106409404115
11706,-368.25488043296195
11707,-181.18251143785037
11708,-166.41347208747658
11709,68.98755258725312
11710,-249.49012878431438
11711,443.60337484329057
11712,13.65045988384992
11713,-212.53037852371938
11714,-27.915418712235482
11715,-240.79982184571227
11716,-142.88309144793865
11717,-285.834304390905
11718,460.63166868009444
11719,-225.10788029950763
11720,97.82651932861806
11721,350.5872568742844
11722,378.82385166848877
11723,-3.8848455252709178
11724,-260.9482885668369
11725,-64.56158617381612
11726,-270.60328416669233
11727,-569.4207476943714
11728,142.46838399487993
11729,228.1523179274693
11730,170.90589405270893
11731,-88.73300598116575
11732,179.58514596853016
11733,176.78682556049267
11734,-56.27057434823976
11735,-185.87258729682736
11736,100.44658731096922
11737,-63.662179545586596
11738,623.2061139971238
11739,-122.16898105378255
11740,-216.5726412681242
11741,-130.9809745007373
11742,-293.82665858937673
11743,167.92384362730107
11744,9.259507593414014
11745,-587.4956962603309
11746,304.72480941847664
11747,251.46359511685228
11748,-304.0609677452444
11749,108.04336957545834
11750,-218.671899797902
11751,-105.13018388543682
11752,121.35633108715756
11753,-302.96404134850104
11754,529.6616399285892
11755,-224.55011115095397
11756,688.859802099578
11757,121.62140840748356
11758,495.8633096373993
11759,-104.89700800321219
11760,-39.403692827713485
11761,-218.43393840893606
11762,-242.07542923760516
11763,328.46917366165064
11764,-121.57062322437375
11765,-351.9613272364559
11766,235.89654336008934
11767,211.84331613383495
11768,581.9859083831261
11769,-187.8168517671753
11770,-88.20353056281334
11771,-121.26318282161415
11772,-682.3449315356845
11773,-61.4559935715823
11774,69.00904133898288
11775,132.89487284698902
11776,41.6468207434643
11777,-513.1698248834691
11778,216.74344092334894
11779,-533.8087878872986
11780,-467.10306503157324
11781,39.69398965514744
11782,178.84483759017797
11783,-255.91268436083206
11784,468.69097201293755
11785,-959.1458675174462
11786,201.86251191588576
11787,-282.56870707573864
11788,-392.43495156660254
11789,-219.68775779803622
11790,169.59302266781185
11791,-21.895665769336503
11792,-242.2799222872576
11793,35.5888607513465
11794,336.44033353004545
11795,-63.33152033000698
11796,-4.446048273788384
11797,-312.3153657145604
11798,14.581415571942571
11799,-258.2235127345508
11800,725.8387913302863
11801,-303.8280646204008
11802,-726.184522064033
11803,93.4226836944141
11804,92.79798258372057
11805,342.41232925067345
11806,856.1825394344162
11807,-54.88314706218435
11808,-213.13720641425311
11809,-365.0835488849501
11810,-733.4819620034938
11811,-206.05838193577813
11812,-418.27223526007884
11813,358.8044694709532
11814,-260.62234532466687
11815,546.2345722587845
11816,187.4494866560298
11817,-22.033982900795422
11818,88.73051702341282
11819,-243.13847978487848
11820,-41.379666278953906
11821,-543.6240241200901
11822,840.80603546697
11823,402.8242218186645
11824,79.42070559550154
11825,473.3897942639653
11826,-57.64549004681614
11827,210.1128672724434
11828,-185.7574529011003
11829,22.769138003585013
11830,940.7468340773539
11831,-442.70666780215595
11832,-475.2447822521948
11833,-339.99428398162104
11834,541.6463647301912
11835,333.4990795646749
11836,-765.4962533792769
11837,91.19318918087083
11838,164.45073228966325
11839,274.61283312273997
11840,263.18825389803703
11841,303.6223346767656
11842,-92.18952553795881
11843,208.9737133756833
11844,-170.03419050961784
11845,41.55819635804744
11846,-670.8313651099274
11847,452.6593777040706
11848,741.8102612544466
11849,420.55241150407267
11850,400.35300244817876
11851,-181.64239575564184
11852,162.0463584020064
11853,2.748093609334078
11854,534.6906446334299
11855,145.05936874351383
11856,245.63977352375352
11857,192.70633663605096
11858,486.5739863716493
11859,525.2699999852708
11860,172.00159142779103
11861,342.56191471401854
11862,-338.44880989512336
11863,99.9713350438036
11864,-176.90171781690196
11865,316.42601020393386
11866,-637.4632411206272
11867,74.53335736390241
11868,-319.60935418345014
11869,-234.07357196963488
11870,238.8317632455644
11871,684.2995158543808
11872,-273.39394690634487
11873,229.4938738284967
11874,-191.42805181835237
11875,591.7365509012398
11876,-357.71707695786796
11877,279.3492027993535
11878,16.38534698237474
11879,1015.2321071191634
11880,-44.24764867011565
11881,-259.1203848495999
11882,6.686312571179877
11883,113.41765950025439
11884,164.3690604291051
11885,-219.79091064314198
11886,-50.91215016522497
11887,234.69378482921482
11888,-225.74604715601413
11889,-124.56806112023031
11890,89.3308063458611
11891,-24.039822321153565
11892,949.8138509171492
11893,21.685293242949328
11894,-333.06691562171136
11895,51.6352667711285
11896,-328.7470589180699
11897,-622.2335618237712
11898,-406.8257232673677
11899,-126.38083816157122
11900,-298.35683404440954
11901,-494.63240273285135
11902,579.0223407583982
11903,170.42489512238174
11904,160.45127278901518
11905,-127.53245750920996
11906,116.51260749164142
11907,137.24483689523396
11908,-1.2351263056278647
11909,613.2508183966262
11910,435.23448086059386
11911,160.38696710023396
11912,-185.4738897703502
11913,188.64065599401118
11914,-610.5603513173601
11915,23.71465718639901
11916,-97.9046914045942
11917,-120.61345408597204
11918,353.0787173357875
11919,-18.442887505295573
11920,-120.28546893417428
11921,15.392910103856796
11922,185.806968047745
11923,845.6527630055817
11924,349.45932877055935
11925,45.89263723696672
11926,-7.23792875100274
11927,-164.7161708339594
11928,107.29963692985876
11929,-99.60009978114876
11930,48.616369269305096
11931,41.19970604370495
11932,661.6732170958685
11933,305.9589879497777
11934,500.4110755868306
11935,-231.16099217574543
11936,334.1777324993203
11937,-326.40234266325734
11938,-574.1806195838049
11939,148.5408727094529
11940,613.987882591287
11941,184.52036741988627
11942,-216.10046725875608
11943,-616.0735283229865
11944,127.46984067427007
11945,-96.88155439274966
11946,-167.71203784394493
11947,-349.9469948861913
11948,6.614867126928744
11949,543.2797064068872
11950,-362.7810314683408
11951,-330.0574194946645
11952,347.0145487363187
11953,526.4307732934478
11954,-69.34252030456844
11955,368.0894293247742
11956,381.7237196417382
11957,345.8528403280855
11958,-204.6898131886212
11959,157.89721831896486
11960,-967.3833642179125
11961,527.9548197579927
11962,-338.849605785955
11963,609.1811386017584
11964,381.1166205898001
11965,-18.351583240230326
11966,-92.2429183078326
11967,-166.08686551614582
11968,-173.93959945806222
11969,-221.1373420431757
11970,-228.3761224512853
11971,198.06160680945996
11972,-713.0064769343035
11973,-89.68186474183284
11974,-480.00457016778273
11975,-271.7333959227008
11976,565.3236399366716
11977,96.11148263233137
11978,178.61335856961415
11979,-61.17433245470532
11980,-368.69168724005874
11981,4.847746578177557
11982,414.4138213444012
11983,-760.3183167930514
11984,84.91271532686063
11985,-251.84732552028845
11986,280.70758458952173
11987,-391.25027825107685
11988,608.4991171703753
11989,-27.80846060721155
11990,-123.41411926925777
11991,-130.82924419408045
11992,18.553068892599725
11993,-433.16537587721416
11994,-303.70912611646474
11995,464.7152549850804
11996,496.4853344672797
11997,-35.1354094157964
11998,-131.6791845343857
11999,417.2691546213338
